source,AAA,AAC,AAG,AAT,ACA,ACC,ACG,ACT,AGA,AGC,AGG,AGT,ATA,ATC,ATG,ATT,CAA,CAC,CAG,CAT,CCA,CCC,CCG,CCT,CGA,CGC,CGG,CGT,CTA,CTC,CTG,CTT,GAA,GAC,GAG,GAT,GCA,GCC,GCG,GCT,GGA,GGC,GGG,GGT,GTA,GTC,GTG,GTT,TAA,TAC,TAG,TAT,TCA,TCC,TCG,TCT,TGA,TGC,TGG,TGT,TTA,TTC,TTG,TTT
Streptococcus_pyogenes.fna,28185,7831,10075,15861,10690,7039,3860,9879,4046,4465,1566,7520,4234,10415,13619,25163,16630,3679,6376,7326,7667,1596,1508,7052,2607,3584,1194,8517,6303,4055,3571,11297,24746,9459,9540,21427,11289,7589,3801,19150,9535,6442,4589,13901,6444,6956,7044,15550,1131,6726,396,13031,8528,2432,1794,8556,318,998,4530,2369,17397,5017,11703,18576
Escherichia_coli.fna,44803,29006,13650,22929,9105,31359,19543,11664,2449,21458,1476,11545,5290,33496,37150,40341,20048,12733,39398,16902,10944,7207,31455,9134,4559,29798,7141,28107,4895,14759,71308,14495,53056,25879,23938,42745,26986,34448,45514,20229,10290,39604,14784,32959,14359,20349,35579,24258,2720,16230,282,21170,9288,11683,11967,11103,1256,8466,20134,6667,17760,21843,17816,29420
Listeria_monocytogenes.fna,54574,12931,9647,28532,22497,6140,11495,14188,6182,7483,1169,12310,8525,16274,23874,44830,26042,4681,4648,11158,15746,1534,6399,7099,5278,6421,2630,10951,11503,4994,4632,18878,54496,12750,11923,35826,24896,7695,15263,20674,17263,12810,8002,21117,18876,8098,12004,23663,2060,9648,347,21104,9127,5686,5530,11406,548,1798,8358,3653,33243,12802,11422,27544
Bifidobacterium_longum.fna,6417,17851,22645,6290,2896,25924,10930,3996,986,9040,1792,1983,1632,27071,17858,9135,5092,8860,18840,6067,2473,8733,18295,2940,3307,19964,4216,9903,1332,15479,29880,5278,18799,29356,21605,16969,8600,42178,19425,8291,5361,35974,3965,10636,4021,17767,27387,4764,465,13300,376,5899,2418,17206,9139,2624,1110,5332,9806,926,721,20966,8635,2952
Xanthomonas_oryzae.fna,8006,23514,30618,11713,4099,41171,19294,4074,1096,29115,2278,5488,1230,44322,27675,9481,12741,17510,47406,13679,6870,14863,42312,4847,3174,60013,13700,16447,2921,17996,86664,6128,34073,44527,30864,31102,23766,70727,64525,11085,5716,73848,12628,16674,4637,27517,58764,5928,801,19713,447,11334,2319,12452,22037,2883,2597,9929,20631,1731,1796,33516,27280,9214
Corynebacterium_glutamicum.fna,13034,20809,19881,10416,7210,31061,8287,11946,2012,9793,2966,4593,1606,32552,21002,20710,12306,13475,19755,6368,15980,9186,9896,10687,6210,23831,4604,13055,5514,20803,26403,15793,34151,25211,26545,31649,29974,25885,22102,24335,14318,32406,6235,23115,7681,21193,27436,19799,1616,13969,896,7078,7777,20335,7150,10478,460,3765,13235,2143,4752,21567,18438,12619
Mycoplasma_pneumoniae.fna,10922,8369,9063,5745,2347,4737,1672,4453,965,2407,615,4743,1280,3343,3625,10938,8694,2717,3524,1449,2478,1888,1446,1905,541,2443,1095,2276,2550,2678,2171,2383,9889,4310,3428,6960,3172,3684,2381,5860,1423,2517,1857,6318,3267,2494,4217,4933,477,4145,202,3311,1910,2029,1359,1847,1296,480,1231,1256,9298,2898,4899,10137
Caulobacter_vibrioides.fna,2990,21946,37730,5294,1556,38003,19175,1594,822,18893,2171,1458,578,46625,25236,3263,4937,14159,31139,5721,2057,21438,34696,3788,3626,48642,17059,8859,1557,19298,79424,6582,17407,50853,44387,14865,3533,92315,53200,9065,4725,73625,12474,9830,1198,44942,34822,5942,723,13332,1187,11166,1736,9773,24294,1817,1712,7252,16298,1104,293,35967,7686,4803
Bacillus_cereus.fna,81517,19394,26457,47706,40464,3780,19949,18122,13669,8385,3601,20839,24469,19426,40553,73349,44355,7018,9802,23883,23968,1682,11129,13284,8000,6819,2043,20355,15253,6387,4739,26498,82496,12853,26747,54462,42661,5871,19057,30211,35627,12663,13731,36309,44685,8486,15828,37548,3700,13769,868,40566,21154,4812,6717,22408,847,3141,14912,9090,72085,20854,14023,47566
