 ,CTA,AAG,GGA,GGG,CAG,CTC,CCA,CAT,ACT,AAT,GAT,TAA,CCT,ACG,ATG,ATC,TAT,TGT,GAC,TTA,GGC,ATA,CGC,ACC,CAA,TCT,TGC,CGT,CAC,TGG,GTG,TAG,TCC,AGA,TTT,AGC,GTT,GTC,ACA,GAA,CGA,GCG,GTA,TGA,GCA,TTC,TTG,AAC,CCC,CTT,CTG,CGG,ATT,GCC,TAC,GGT,AAA,GCT,CCG,TCA,AGG,AGT,GAG,TCG
Escherichia_coli.fna,4895,13650,10290,14784,39398,14759,10944,16902,11664,22929,42745,2720,9134,19543,37150,33496,21170,6667,25879,17760,39604,5290,29798,31359,20048,11103,8466,28107,12733,20134,35579,282,11683,2449,29420,21458,24258,20349,9105,53056,4559,45514,14359,1256,26986,21843,17816,29006,7207,14495,71308,7141,40341,34448,16230,32959,44803,20229,31455,9288,1476,11545,23938,11967
Bacillus_cereus.fna,15253,26457,35627,13731,9802,6387,23968,23883,18122,47706,54462,3700,13284,19949,40553,19426,40566,9090,12853,72085,12663,24469,6819,3780,44355,22408,3141,20355,7018,14912,15828,868,4812,13669,47566,8385,37548,8486,40464,82496,8000,19057,44685,847,42661,20854,14023,19394,1682,26498,4739,2043,73349,5871,13769,36309,81517,30211,11129,21154,3601,20839,26747,6717
Bifidobacterium_longum.fna,1332,22645,5361,3965,18840,15479,2473,6067,3996,6290,16969,465,2940,10930,17858,27071,5899,926,29356,721,35974,1632,19964,25924,5092,2624,5332,9903,8860,9806,27387,376,17206,986,2952,9040,4764,17767,2896,18799,3307,19425,4021,1110,8600,20966,8635,17851,8733,5278,29880,4216,9135,42178,13300,10636,6417,8291,18295,2418,1792,1983,21605,9139
Streptococcus_pyogenes.fna,6303,10075,9535,4589,6376,4055,7667,7326,9879,15861,21427,1131,7052,3860,13619,10415,13031,2369,9459,17397,6442,4234,3584,7039,16630,8556,998,8517,3679,4530,7044,396,2432,4046,18576,4465,15550,6956,10690,24746,2607,3801,6444,318,11289,5017,11703,7831,1596,11297,3571,1194,25163,7589,6726,13901,28185,19150,1508,8528,1566,7520,9540,1794
Caulobacter_vibrioides.fna,1557,37730,4725,12474,31139,19298,2057,5721,1594,5294,14865,723,3788,19175,25236,46625,11166,1104,50853,293,73625,578,48642,38003,4937,1817,7252,8859,14159,16298,34822,1187,9773,822,4803,18893,5942,44942,1556,17407,3626,53200,1198,1712,3533,35967,7686,21946,21438,6582,79424,17059,3263,92315,13332,9830,2990,9065,34696,1736,2171,1458,44387,24294
Listeria_monocytogenes.fna,11503,9647,17263,8002,4648,4994,15746,11158,14188,28532,35826,2060,7099,11495,23874,16274,21104,3653,12750,33243,12810,8525,6421,6140,26042,11406,1798,10951,4681,8358,12004,347,5686,6182,27544,7483,23663,8098,22497,54496,5278,15263,18876,548,24896,12802,11422,12931,1534,18878,4632,2630,44830,7695,9648,21117,54574,20674,6399,9127,1169,12310,11923,5530
Xanthomonas_oryzae.fna,2921,30618,5716,12628,47406,17996,6870,13679,4074,11713,31102,801,4847,19294,27675,44322,11334,1731,44527,1796,73848,1230,60013,41171,12741,2883,9929,16447,17510,20631,58764,447,12452,1096,9214,29115,5928,27517,4099,34073,3174,64525,4637,2597,23766,33516,27280,23514,14863,6128,86664,13700,9481,70727,19713,16674,8006,11085,42312,2319,2278,5488,30864,22037
Corynebacterium_glutamicum.fna,5514,19881,14318,6235,19755,20803,15980,6368,11946,10416,31649,1616,10687,8287,21002,32552,7078,2143,25211,4752,32406,1606,23831,31061,12306,10478,3765,13055,13475,13235,27436,896,20335,2012,12619,9793,19799,21193,7210,34151,6210,22102,7681,460,29974,21567,18438,20809,9186,15793,26403,4604,20710,25885,13969,23115,13034,24335,9896,7777,2966,4593,26545,7150
Mycoplasma_pneumoniae.fna,2550,9063,1423,1857,3524,2678,2478,1449,4453,5745,6960,477,1905,1672,3625,3343,3311,1256,4310,9298,2517,1280,2443,4737,8694,1847,480,2276,2717,1231,4217,202,2029,965,10137,2407,4933,2494,2347,9889,541,2381,3267,1296,3172,2898,4899,8369,1888,2383,2171,1095,10938,3684,4145,6318,10922,5860,1446,1910,615,4743,3428,1359
